{
  "traditional_ml": {
    "classification_report": {
      "0": {
        "precision": 0.5370370370370371,
        "recall": 0.58,
        "f1-score": 0.5576923076923077,
        "support": 50.0
      },
      "1": {
        "precision": 0.64,
        "recall": 0.64,
        "f1-score": 0.64,
        "support": 50.0
      },
      "2": {
        "precision": 0.574468085106383,
        "recall": 0.54,
        "f1-score": 0.5567010309278351,
        "support": 50.0
      },
      "3": {
        "precision": 0.8867924528301887,
        "recall": 0.94,
        "f1-score": 0.912621359223301,
        "support": 50.0
      },
      "4": {
        "precision": 0.9565217391304348,
        "recall": 0.88,
        "f1-score": 0.9166666666666666,
        "support": 50.0
      },
      "accuracy": 0.716,
      "macro avg": {
        "precision": 0.7189638628208087,
        "recall": 0.716,
        "f1-score": 0.716736272902022,
        "support": 250.0
      },
      "weighted avg": {
        "precision": 0.7189638628208088,
        "recall": 0.716,
        "f1-score": 0.7167362729020221,
        "support": 250.0
      }
    },
    "classifier_type": "traditional",
    "total_samples": 250,
    "label_distribution": {
      "0": 0,
      "1": 0,
      "2": 0,
      "3": 0,
      "4": 0
    }
  },
  "llm": {
    "classification_report": {
      "0": {
        "precision": 0.7391304347826086,
        "recall": 0.68,
        "f1-score": 0.7083333333333334,
        "support": 50.0
      },
      "1": {
        "precision": 0.3181818181818182,
        "recall": 0.28,
        "f1-score": 0.2978723404255319,
        "support": 50.0
      },
      "2": {
        "precision": 0.37333333333333335,
        "recall": 0.56,
        "f1-score": 0.448,
        "support": 50.0
      },
      "3": {
        "precision": 0.45,
        "recall": 0.36,
        "f1-score": 0.4,
        "support": 50.0
      },
      "4": {
        "precision": 0.4888888888888889,
        "recall": 0.44,
        "f1-score": 0.4631578947368421,
        "support": 50.0
      },
      "accuracy": 0.464,
      "macro avg": {
        "precision": 0.4739068950373298,
        "recall": 0.46399999999999997,
        "f1-score": 0.46347271369914145,
        "support": 250.0
      },
      "weighted avg": {
        "precision": 0.4739068950373298,
        "recall": 0.464,
        "f1-score": 0.46347271369914156,
        "support": 250.0
      }
    },
    "classifier_type": "llm",
    "total_samples": 250,
    "label_distribution": {
      "0": 0,
      "1": 0,
      "2": 0,
      "3": 0,
      "4": 0
    }
  },
  "tuned_llm": {
    "classification_report": {
      "0": {
        "precision": 0.7636363636363637,
        "recall": 0.84,
        "f1-score": 0.8,
        "support": 50.0
      },
      "1": {
        "precision": 0.4827586206896552,
        "recall": 0.28,
        "f1-score": 0.35443037974683544,
        "support": 50.0
      },
      "2": {
        "precision": 0.5538461538461539,
        "recall": 0.72,
        "f1-score": 0.6260869565217392,
        "support": 50.0
      },
      "3": {
        "precision": 0.7962962962962963,
        "recall": 0.86,
        "f1-score": 0.8269230769230769,
        "support": 50.0
      },
      "4": {
        "precision": 0.9574468085106383,
        "recall": 0.9,
        "f1-score": 0.9278350515463918,
        "support": 50.0
      },
      "accuracy": 0.72,
      "macro avg": {
        "precision": 0.7107968485958215,
        "recall": 0.72,
        "f1-score": 0.7070550929476086,
        "support": 250.0
      },
      "weighted avg": {
        "precision": 0.7107968485958215,
        "recall": 0.72,
        "f1-score": 0.7070550929476086,
        "support": 250.0
      }
    },
    "classifier_type": "tuned_llm",
    "total_samples": 250,
    "label_distribution": {
      "0": 0,
      "1": 0,
      "2": 0,
      "3": 0,
      "4": 0
    }
  },
  "comparison": {
    "accuracy": {
      "traditional_ml": 0.716,
      "llm": 0.464,
      "tuned_llm": 0.72
    },
    "macro_f1": {
      "traditional_ml": 0.716736272902022,
      "llm": 0.46347271369914145,
      "tuned_llm": 0.7070550929476086
    }
  }
}