{
  "traditional_ml": {
    "classification_report": {
      "0": {
        "precision": 0.5357142857142857,
        "recall": 0.5882352941176471,
        "f1-score": 0.5607476635514018,
        "support": 51.0
      },
      "1": {
        "precision": 0.6470588235294118,
        "recall": 0.6470588235294118,
        "f1-score": 0.6470588235294118,
        "support": 51.0
      },
      "2": {
        "precision": 0.574468085106383,
        "recall": 0.5294117647058824,
        "f1-score": 0.5510204081632653,
        "support": 51.0
      },
      "3": {
        "precision": 0.8888888888888888,
        "recall": 0.9411764705882353,
        "f1-score": 0.9142857142857143,
        "support": 51.0
      },
      "4": {
        "precision": 0.9574468085106383,
        "recall": 0.8823529411764706,
        "f1-score": 0.9183673469387755,
        "support": 51.0
      },
      "accuracy": 0.7176470588235294,
      "macro avg": {
        "precision": 0.7207153783499216,
        "recall": 0.7176470588235294,
        "f1-score": 0.7182959912937137,
        "support": 255.0
      },
      "weighted avg": {
        "precision": 0.7207153783499215,
        "recall": 0.7176470588235294,
        "f1-score": 0.7182959912937137,
        "support": 255.0
      }
    },
    "classifier_type": "traditional",
    "total_samples": 255,
    "label_distribution": {
      "0": 0,
      "1": 0,
      "2": 0,
      "3": 0,
      "4": 0
    }
  },
  "llm": {
    "classification_report": {
      "0": {
        "precision": 0.7777777777777778,
        "recall": 0.6862745098039216,
        "f1-score": 0.7291666666666666,
        "support": 51.0
      },
      "1": {
        "precision": 0.3617021276595745,
        "recall": 0.3333333333333333,
        "f1-score": 0.3469387755102041,
        "support": 51.0
      },
      "2": {
        "precision": 0.36619718309859156,
        "recall": 0.5098039215686274,
        "f1-score": 0.4262295081967213,
        "support": 51.0
      },
      "3": {
        "precision": 0.4166666666666667,
        "recall": 0.39215686274509803,
        "f1-score": 0.40404040404040403,
        "support": 51.0
      },
      "4": {
        "precision": 0.4772727272727273,
        "recall": 0.4117647058823529,
        "f1-score": 0.4421052631578947,
        "support": 51.0
      },
      "accuracy": 0.4666666666666667,
      "macro avg": {
        "precision": 0.4799232964950676,
        "recall": 0.4666666666666666,
        "f1-score": 0.46969612351437817,
        "support": 255.0
      },
      "weighted avg": {
        "precision": 0.47992329649506754,
        "recall": 0.4666666666666667,
        "f1-score": 0.46969612351437817,
        "support": 255.0
      }
    },
    "classifier_type": "llm",
    "total_samples": 255,
    "label_distribution": {
      "0": 0,
      "1": 0,
      "2": 0,
      "3": 0,
      "4": 0
    }
  },
  "tuned_llm": {
    "classification_report": {
      "0": {
        "precision": 0.7636363636363637,
        "recall": 0.8235294117647058,
        "f1-score": 0.7924528301886793,
        "support": 51.0
      },
      "1": {
        "precision": 0.42424242424242425,
        "recall": 0.27450980392156865,
        "f1-score": 0.3333333333333333,
        "support": 51.0
      },
      "2": {
        "precision": 0.5396825396825397,
        "recall": 0.6666666666666666,
        "f1-score": 0.5964912280701754,
        "support": 51.0
      },
      "3": {
        "precision": 0.7719298245614035,
        "recall": 0.8627450980392157,
        "f1-score": 0.8148148148148148,
        "support": 51.0
      },
      "4": {
        "precision": 0.9574468085106383,
        "recall": 0.8823529411764706,
        "f1-score": 0.9183673469387755,
        "support": 51.0
      },
      "accuracy": 0.7019607843137254,
      "macro avg": {
        "precision": 0.6913875921266739,
        "recall": 0.7019607843137254,
        "f1-score": 0.6910919106691557,
        "support": 255.0
      },
      "weighted avg": {
        "precision": 0.6913875921266739,
        "recall": 0.7019607843137254,
        "f1-score": 0.6910919106691557,
        "support": 255.0
      }
    },
    "classifier_type": "tuned_llm",
    "total_samples": 255,
    "label_distribution": {
      "0": 0,
      "1": 0,
      "2": 0,
      "3": 0,
      "4": 0
    }
  },
  "comparison": {
    "accuracy": {
      "traditional_ml": 0.7176470588235294,
      "llm": 0.4666666666666667,
      "tuned_llm": 0.7019607843137254
    },
    "macro_f1": {
      "traditional_ml": 0.7182959912937137,
      "llm": 0.46969612351437817,
      "tuned_llm": 0.6910919106691557
    }
  }
}