{
  "traditional_ml": {
    "classification_report": {
      "0": {
        "precision": 0.5370370370370371,
        "recall": 0.58,
        "f1-score": 0.5576923076923077,
        "support": 50.0
      },
      "1": {
        "precision": 0.64,
        "recall": 0.64,
        "f1-score": 0.64,
        "support": 50.0
      },
      "2": {
        "precision": 0.574468085106383,
        "recall": 0.54,
        "f1-score": 0.5567010309278351,
        "support": 50.0
      },
      "3": {
        "precision": 0.8867924528301887,
        "recall": 0.94,
        "f1-score": 0.912621359223301,
        "support": 50.0
      },
      "4": {
        "precision": 0.9565217391304348,
        "recall": 0.88,
        "f1-score": 0.9166666666666666,
        "support": 50.0
      },
      "accuracy": 0.716,
      "macro avg": {
        "precision": 0.7189638628208087,
        "recall": 0.716,
        "f1-score": 0.716736272902022,
        "support": 250.0
      },
      "weighted avg": {
        "precision": 0.7189638628208088,
        "recall": 0.716,
        "f1-score": 0.7167362729020221,
        "support": 250.0
      }
    },
    "classifier_type": "traditional",
    "total_samples": 250,
    "label_distribution": {
      "0": 0,
      "1": 0,
      "2": 0,
      "3": 0,
      "4": 0
    }
  },
  "llm": {
    "classification_report": {
      "0": {
        "precision": 0.7906976744186046,
        "recall": 0.68,
        "f1-score": 0.7311827956989247,
        "support": 50.0
      },
      "1": {
        "precision": 0.3333333333333333,
        "recall": 0.32,
        "f1-score": 0.32653061224489793,
        "support": 50.0
      },
      "2": {
        "precision": 0.36486486486486486,
        "recall": 0.54,
        "f1-score": 0.43548387096774194,
        "support": 50.0
      },
      "3": {
        "precision": 0.4473684210526316,
        "recall": 0.34,
        "f1-score": 0.38636363636363635,
        "support": 50.0
      },
      "4": {
        "precision": 0.44680851063829785,
        "recall": 0.42,
        "f1-score": 0.4329896907216495,
        "support": 50.0
      },
      "accuracy": 0.46,
      "macro avg": {
        "precision": 0.47661456086154647,
        "recall": 0.4600000000000001,
        "f1-score": 0.4625101211993702,
        "support": 250.0
      },
      "weighted avg": {
        "precision": 0.4766145608615464,
        "recall": 0.46,
        "f1-score": 0.46251012119937,
        "support": 250.0
      }
    },
    "classifier_type": "llm",
    "total_samples": 250,
    "label_distribution": {
      "0": 0,
      "1": 0,
      "2": 0,
      "3": 0,
      "4": 0
    }
  },
  "tuned_llm": {
    "classification_report": {
      "0": {
        "precision": 0.6153846153846154,
        "recall": 0.8,
        "f1-score": 0.6956521739130435,
        "support": 50.0
      },
      "1": {
        "precision": 0.5,
        "recall": 0.6,
        "f1-score": 0.5454545454545454,
        "support": 50.0
      },
      "2": {
        "precision": 0.42696629213483145,
        "recall": 0.76,
        "f1-score": 0.5467625899280576,
        "support": 50.0
      },
      "3": {
        "precision": 0.95,
        "recall": 0.38,
        "f1-score": 0.5428571428571428,
        "support": 50.0
      },
      "4": {
        "precision": 0.9375,
        "recall": 0.3,
        "f1-score": 0.45454545454545453,
        "support": 50.0
      },
      "accuracy": 0.568,
      "macro avg": {
        "precision": 0.6859701815038893,
        "recall": 0.568,
        "f1-score": 0.5570543813396488,
        "support": 250.0
      },
      "weighted avg": {
        "precision": 0.6859701815038893,
        "recall": 0.568,
        "f1-score": 0.5570543813396487,
        "support": 250.0
      }
    },
    "classifier_type": "tuned_llm",
    "total_samples": 250,
    "label_distribution": {
      "0": 0,
      "1": 0,
      "2": 0,
      "3": 0,
      "4": 0
    }
  },
  "comparison": {
    "accuracy": {
      "traditional_ml": 0.716,
      "llm": 0.46,
      "tuned_llm": 0.568
    },
    "macro_f1": {
      "traditional_ml": 0.716736272902022,
      "llm": 0.4625101211993702,
      "tuned_llm": 0.5570543813396488
    }
  }
}