{
  "traditional_ml": {
    "classification_report": {
      "0": {
        "precision": 0.5833333333333334,
        "recall": 0.7,
        "f1-score": 0.6363636363636364,
        "support": 10.0
      },
      "1": {
        "precision": 0.5555555555555556,
        "recall": 0.5,
        "f1-score": 0.5263157894736842,
        "support": 10.0
      },
      "2": {
        "precision": 0.5,
        "recall": 0.5,
        "f1-score": 0.5,
        "support": 10.0
      },
      "3": {
        "precision": 0.9090909090909091,
        "recall": 1.0,
        "f1-score": 0.9523809523809523,
        "support": 10.0
      },
      "4": {
        "precision": 1.0,
        "recall": 0.8,
        "f1-score": 0.8888888888888888,
        "support": 10.0
      },
      "accuracy": 0.7,
      "macro avg": {
        "precision": 0.7095959595959596,
        "recall": 0.7,
        "f1-score": 0.7007898534214323,
        "support": 50.0
      },
      "weighted avg": {
        "precision": 0.7095959595959596,
        "recall": 0.7,
        "f1-score": 0.7007898534214323,
        "support": 50.0
      }
    },
    "classifier_type": "traditional",
    "total_samples": 50,
    "label_distribution": {
      "0": 0,
      "1": 0,
      "2": 0,
      "3": 0,
      "4": 0
    }
  },
  "llm": {
    "classification_report": {
      "0": {
        "precision": 0.7,
        "recall": 0.7,
        "f1-score": 0.7,
        "support": 10.0
      },
      "1": {
        "precision": 0.4,
        "recall": 0.2,
        "f1-score": 0.26666666666666666,
        "support": 10.0
      },
      "2": {
        "precision": 0.35,
        "recall": 0.7,
        "f1-score": 0.4666666666666667,
        "support": 10.0
      },
      "3": {
        "precision": 0.6666666666666666,
        "recall": 0.6,
        "f1-score": 0.631578947368421,
        "support": 10.0
      },
      "4": {
        "precision": 0.3333333333333333,
        "recall": 0.2,
        "f1-score": 0.25,
        "support": 10.0
      },
      "accuracy": 0.48,
      "macro avg": {
        "precision": 0.49000000000000005,
        "recall": 0.48,
        "f1-score": 0.4629824561403508,
        "support": 50.0
      },
      "weighted avg": {
        "precision": 0.48999999999999994,
        "recall": 0.48,
        "f1-score": 0.46298245614035083,
        "support": 50.0
      }
    },
    "classifier_type": "llm",
    "total_samples": 50,
    "label_distribution": {
      "0": 0,
      "1": 0,
      "2": 0,
      "3": 0,
      "4": 0
    }
  },
  "tuned_llm": {
    "classification_report": {
      "0": {
        "precision": 0.75,
        "recall": 0.9,
        "f1-score": 0.8181818181818182,
        "support": 10.0
      },
      "1": {
        "precision": 0.5,
        "recall": 0.3,
        "f1-score": 0.375,
        "support": 10.0
      },
      "2": {
        "precision": 0.46153846153846156,
        "recall": 0.6,
        "f1-score": 0.5217391304347826,
        "support": 10.0
      },
      "3": {
        "precision": 0.8181818181818182,
        "recall": 0.9,
        "f1-score": 0.8571428571428571,
        "support": 10.0
      },
      "4": {
        "precision": 1.0,
        "recall": 0.8,
        "f1-score": 0.8888888888888888,
        "support": 10.0
      },
      "accuracy": 0.7,
      "macro avg": {
        "precision": 0.705944055944056,
        "recall": 0.7,
        "f1-score": 0.6921905389296694,
        "support": 50.0
      },
      "weighted avg": {
        "precision": 0.705944055944056,
        "recall": 0.7,
        "f1-score": 0.6921905389296694,
        "support": 50.0
      }
    },
    "classifier_type": "tuned_llm",
    "total_samples": 50,
    "label_distribution": {
      "0": 0,
      "1": 0,
      "2": 0,
      "3": 0,
      "4": 0
    }
  },
  "comparison": {
    "accuracy": {
      "traditional_ml": 0.7,
      "llm": 0.48,
      "tuned_llm": 0.7
    },
    "macro_f1": {
      "traditional_ml": 0.7007898534214323,
      "llm": 0.4629824561403508,
      "tuned_llm": 0.6921905389296694
    }
  }
}