{
  "classification_report": {
    "0": {
      "precision": 0.7391304347826086,
      "recall": 0.68,
      "f1-score": 0.7083333333333334,
      "support": 50.0
    },
    "1": {
      "precision": 0.3181818181818182,
      "recall": 0.28,
      "f1-score": 0.2978723404255319,
      "support": 50.0
    },
    "2": {
      "precision": 0.37333333333333335,
      "recall": 0.56,
      "f1-score": 0.448,
      "support": 50.0
    },
    "3": {
      "precision": 0.45,
      "recall": 0.36,
      "f1-score": 0.4,
      "support": 50.0
    },
    "4": {
      "precision": 0.4888888888888889,
      "recall": 0.44,
      "f1-score": 0.4631578947368421,
      "support": 50.0
    },
    "accuracy": 0.464,
    "macro avg": {
      "precision": 0.4739068950373298,
      "recall": 0.46399999999999997,
      "f1-score": 0.46347271369914145,
      "support": 250.0
    },
    "weighted avg": {
      "precision": 0.4739068950373298,
      "recall": 0.464,
      "f1-score": 0.46347271369914156,
      "support": 250.0
    }
  },
  "classifier_type": "llm",
  "total_samples": 250,
  "label_distribution": {
    "0": 0,
    "1": 0,
    "2": 0,
    "3": 0,
    "4": 0
  }
}