{
  "classification_report": {
    "0": {
      "precision": 0.7,
      "recall": 0.7,
      "f1-score": 0.7,
      "support": 10.0
    },
    "1": {
      "precision": 0.4,
      "recall": 0.2,
      "f1-score": 0.26666666666666666,
      "support": 10.0
    },
    "2": {
      "precision": 0.35,
      "recall": 0.7,
      "f1-score": 0.4666666666666667,
      "support": 10.0
    },
    "3": {
      "precision": 0.6666666666666666,
      "recall": 0.6,
      "f1-score": 0.631578947368421,
      "support": 10.0
    },
    "4": {
      "precision": 0.3333333333333333,
      "recall": 0.2,
      "f1-score": 0.25,
      "support": 10.0
    },
    "accuracy": 0.48,
    "macro avg": {
      "precision": 0.49000000000000005,
      "recall": 0.48,
      "f1-score": 0.4629824561403508,
      "support": 50.0
    },
    "weighted avg": {
      "precision": 0.48999999999999994,
      "recall": 0.48,
      "f1-score": 0.46298245614035083,
      "support": 50.0
    }
  },
  "classifier_type": "llm",
  "total_samples": 50,
  "label_distribution": {
    "0": 0,
    "1": 0,
    "2": 0,
    "3": 0,
    "4": 0
  }
}