{
  "classification_report": {
    "0": {
      "precision": 0.7906976744186046,
      "recall": 0.68,
      "f1-score": 0.7311827956989247,
      "support": 50.0
    },
    "1": {
      "precision": 0.3333333333333333,
      "recall": 0.32,
      "f1-score": 0.32653061224489793,
      "support": 50.0
    },
    "2": {
      "precision": 0.36486486486486486,
      "recall": 0.54,
      "f1-score": 0.43548387096774194,
      "support": 50.0
    },
    "3": {
      "precision": 0.4473684210526316,
      "recall": 0.34,
      "f1-score": 0.38636363636363635,
      "support": 50.0
    },
    "4": {
      "precision": 0.44680851063829785,
      "recall": 0.42,
      "f1-score": 0.4329896907216495,
      "support": 50.0
    },
    "accuracy": 0.46,
    "macro avg": {
      "precision": 0.47661456086154647,
      "recall": 0.4600000000000001,
      "f1-score": 0.4625101211993702,
      "support": 250.0
    },
    "weighted avg": {
      "precision": 0.4766145608615464,
      "recall": 0.46,
      "f1-score": 0.46251012119937,
      "support": 250.0
    }
  },
  "classifier_type": "llm",
  "total_samples": 250,
  "label_distribution": {
    "0": 0,
    "1": 0,
    "2": 0,
    "3": 0,
    "4": 0
  }
}