{
  "classification_report": {
    "0": {
      "precision": 0.8805970149253731,
      "recall": 0.472,
      "f1-score": 0.6145833333333334,
      "support": 500.0
    },
    "1": {
      "precision": 0.20851063829787234,
      "recall": 0.22171945701357465,
      "f1-score": 0.2149122807017544,
      "support": 221.0
    },
    "2": {
      "precision": 0.38620689655172413,
      "recall": 0.4444444444444444,
      "f1-score": 0.4132841328413284,
      "support": 252.0
    },
    "3": {
      "precision": 0.06451612903225806,
      "recall": 0.4,
      "f1-score": 0.1111111111111111,
      "support": 20.0
    },
    "4": {
      "precision": 0.03614457831325301,
      "recall": 0.42857142857142855,
      "f1-score": 0.06666666666666667,
      "support": 7.0
    },
    "accuracy": 0.408,
    "macro avg": {
      "precision": 0.3151950514240961,
      "recall": 0.3933470660058895,
      "f1-score": 0.2841115049308388,
      "support": 1000.0
    },
    "weighted avg": {
      "precision": 0.5852468310863888,
      "recall": 0.408,
      "f1-score": 0.46162377106665803,
      "support": 1000.0
    }
  },
  "classifier_type": "llm",
  "total_samples": 1000,
  "label_distribution": {
    "0": 0,
    "1": 0,
    "2": 0,
    "3": 0,
    "4": 0
  }
}