{
  "classification_report": {
    "0": {
      "precision": 0.5370370370370371,
      "recall": 0.58,
      "f1-score": 0.5576923076923077,
      "support": 50.0
    },
    "1": {
      "precision": 0.64,
      "recall": 0.64,
      "f1-score": 0.64,
      "support": 50.0
    },
    "2": {
      "precision": 0.574468085106383,
      "recall": 0.54,
      "f1-score": 0.5567010309278351,
      "support": 50.0
    },
    "3": {
      "precision": 0.8867924528301887,
      "recall": 0.94,
      "f1-score": 0.912621359223301,
      "support": 50.0
    },
    "4": {
      "precision": 0.9565217391304348,
      "recall": 0.88,
      "f1-score": 0.9166666666666666,
      "support": 50.0
    },
    "accuracy": 0.716,
    "macro avg": {
      "precision": 0.7189638628208087,
      "recall": 0.716,
      "f1-score": 0.716736272902022,
      "support": 250.0
    },
    "weighted avg": {
      "precision": 0.7189638628208088,
      "recall": 0.716,
      "f1-score": 0.7167362729020221,
      "support": 250.0
    }
  },
  "classifier_type": "traditional",
  "total_samples": 250,
  "label_distribution": {
    "0": 0,
    "1": 0,
    "2": 0,
    "3": 0,
    "4": 0
  }
}