{
  "classification_report": {
    "0": {
      "precision": 0.5357142857142857,
      "recall": 0.5882352941176471,
      "f1-score": 0.5607476635514018,
      "support": 51.0
    },
    "1": {
      "precision": 0.6470588235294118,
      "recall": 0.6470588235294118,
      "f1-score": 0.6470588235294118,
      "support": 51.0
    },
    "2": {
      "precision": 0.574468085106383,
      "recall": 0.5294117647058824,
      "f1-score": 0.5510204081632653,
      "support": 51.0
    },
    "3": {
      "precision": 0.8888888888888888,
      "recall": 0.9411764705882353,
      "f1-score": 0.9142857142857143,
      "support": 51.0
    },
    "4": {
      "precision": 0.9574468085106383,
      "recall": 0.8823529411764706,
      "f1-score": 0.9183673469387755,
      "support": 51.0
    },
    "accuracy": 0.7176470588235294,
    "macro avg": {
      "precision": 0.7207153783499216,
      "recall": 0.7176470588235294,
      "f1-score": 0.7182959912937137,
      "support": 255.0
    },
    "weighted avg": {
      "precision": 0.7207153783499215,
      "recall": 0.7176470588235294,
      "f1-score": 0.7182959912937137,
      "support": 255.0
    }
  },
  "classifier_type": "traditional",
  "total_samples": 255,
  "label_distribution": {
    "0": 0,
    "1": 0,
    "2": 0,
    "3": 0,
    "4": 0
  }
}