{
  "classification_report": {
    "0": {
      "precision": 0.7769607843137255,
      "recall": 0.634,
      "f1-score": 0.698237885462555,
      "support": 500.0
    },
    "1": {
      "precision": 0.6919642857142857,
      "recall": 0.7013574660633484,
      "f1-score": 0.6966292134831461,
      "support": 221.0
    },
    "2": {
      "precision": 0.5238095238095238,
      "recall": 0.6111111111111112,
      "f1-score": 0.5641025641025641,
      "support": 252.0
    },
    "3": {
      "precision": 0.29310344827586204,
      "recall": 0.85,
      "f1-score": 0.4358974358974359,
      "support": 20.0
    },
    "4": {
      "precision": 0.375,
      "recall": 0.8571428571428571,
      "f1-score": 0.5217391304347826,
      "support": 7.0
    },
    "accuracy": 0.649,
    "macro avg": {
      "precision": 0.5321676084226794,
      "recall": 0.7307222868634634,
      "f1-score": 0.5833212458760968,
      "support": 1000.0
    },
    "weighted avg": {
      "precision": 0.6818915682652371,
      "recall": 0.649,
      "f1-score": 0.6575979676958912,
      "support": 1000.0
    }
  },
  "classifier_type": "traditional",
  "total_samples": 1000,
  "label_distribution": {
    "0": 0,
    "1": 0,
    "2": 0,
    "3": 0,
    "4": 0
  }
}