{
  "classification_report": {
    "0": {
      "precision": 0.5833333333333334,
      "recall": 0.7,
      "f1-score": 0.6363636363636364,
      "support": 10.0
    },
    "1": {
      "precision": 0.5555555555555556,
      "recall": 0.5,
      "f1-score": 0.5263157894736842,
      "support": 10.0
    },
    "2": {
      "precision": 0.5,
      "recall": 0.5,
      "f1-score": 0.5,
      "support": 10.0
    },
    "3": {
      "precision": 0.9090909090909091,
      "recall": 1.0,
      "f1-score": 0.9523809523809523,
      "support": 10.0
    },
    "4": {
      "precision": 1.0,
      "recall": 0.8,
      "f1-score": 0.8888888888888888,
      "support": 10.0
    },
    "accuracy": 0.7,
    "macro avg": {
      "precision": 0.7095959595959596,
      "recall": 0.7,
      "f1-score": 0.7007898534214323,
      "support": 50.0
    },
    "weighted avg": {
      "precision": 0.7095959595959596,
      "recall": 0.7,
      "f1-score": 0.7007898534214323,
      "support": 50.0
    }
  },
  "classifier_type": "traditional",
  "total_samples": 50,
  "label_distribution": {
    "0": 0,
    "1": 0,
    "2": 0,
    "3": 0,
    "4": 0
  }
}