{
  "classification_report": {
    "0": {
      "precision": 0.7636363636363637,
      "recall": 0.8235294117647058,
      "f1-score": 0.7924528301886793,
      "support": 51.0
    },
    "1": {
      "precision": 0.42424242424242425,
      "recall": 0.27450980392156865,
      "f1-score": 0.3333333333333333,
      "support": 51.0
    },
    "2": {
      "precision": 0.5396825396825397,
      "recall": 0.6666666666666666,
      "f1-score": 0.5964912280701754,
      "support": 51.0
    },
    "3": {
      "precision": 0.7719298245614035,
      "recall": 0.8627450980392157,
      "f1-score": 0.8148148148148148,
      "support": 51.0
    },
    "4": {
      "precision": 0.9574468085106383,
      "recall": 0.8823529411764706,
      "f1-score": 0.9183673469387755,
      "support": 51.0
    },
    "accuracy": 0.7019607843137254,
    "macro avg": {
      "precision": 0.6913875921266739,
      "recall": 0.7019607843137254,
      "f1-score": 0.6910919106691557,
      "support": 255.0
    },
    "weighted avg": {
      "precision": 0.6913875921266739,
      "recall": 0.7019607843137254,
      "f1-score": 0.6910919106691557,
      "support": 255.0
    }
  },
  "classifier_type": "tuned_llm",
  "total_samples": 255,
  "label_distribution": {
    "0": 0,
    "1": 0,
    "2": 0,
    "3": 0,
    "4": 0
  }
}