{
  "classification_report": {
    "0": {
      "precision": 0.75,
      "recall": 0.9,
      "f1-score": 0.8181818181818182,
      "support": 10.0
    },
    "1": {
      "precision": 0.5,
      "recall": 0.3,
      "f1-score": 0.375,
      "support": 10.0
    },
    "2": {
      "precision": 0.46153846153846156,
      "recall": 0.6,
      "f1-score": 0.5217391304347826,
      "support": 10.0
    },
    "3": {
      "precision": 0.8181818181818182,
      "recall": 0.9,
      "f1-score": 0.8571428571428571,
      "support": 10.0
    },
    "4": {
      "precision": 1.0,
      "recall": 0.8,
      "f1-score": 0.8888888888888888,
      "support": 10.0
    },
    "accuracy": 0.7,
    "macro avg": {
      "precision": 0.705944055944056,
      "recall": 0.7,
      "f1-score": 0.6921905389296694,
      "support": 50.0
    },
    "weighted avg": {
      "precision": 0.705944055944056,
      "recall": 0.7,
      "f1-score": 0.6921905389296694,
      "support": 50.0
    }
  },
  "classifier_type": "tuned_llm",
  "total_samples": 50,
  "label_distribution": {
    "0": 0,
    "1": 0,
    "2": 0,
    "3": 0,
    "4": 0
  }
}