{
  "classification_report": {
    "0": {
      "precision": 0.6153846153846154,
      "recall": 0.8,
      "f1-score": 0.6956521739130435,
      "support": 50.0
    },
    "1": {
      "precision": 0.5,
      "recall": 0.6,
      "f1-score": 0.5454545454545454,
      "support": 50.0
    },
    "2": {
      "precision": 0.42696629213483145,
      "recall": 0.76,
      "f1-score": 0.5467625899280576,
      "support": 50.0
    },
    "3": {
      "precision": 0.95,
      "recall": 0.38,
      "f1-score": 0.5428571428571428,
      "support": 50.0
    },
    "4": {
      "precision": 0.9375,
      "recall": 0.3,
      "f1-score": 0.45454545454545453,
      "support": 50.0
    },
    "accuracy": 0.568,
    "macro avg": {
      "precision": 0.6859701815038893,
      "recall": 0.568,
      "f1-score": 0.5570543813396488,
      "support": 250.0
    },
    "weighted avg": {
      "precision": 0.6859701815038893,
      "recall": 0.568,
      "f1-score": 0.5570543813396487,
      "support": 250.0
    }
  },
  "classifier_type": "tuned_llm",
  "total_samples": 250,
  "label_distribution": {
    "0": 0,
    "1": 0,
    "2": 0,
    "3": 0,
    "4": 0
  }
}